{"stats":{"minecraft:picked_up":{"minecraft:potato":10,"alexsmobs:leafcutter_anthill":1,"minecraft:pink_tulip":1,"minecraft:emerald":3,"minecraft:mutton":5,"minecraft:dirt":1,"minecraft:white_wool":4,"minecraft:lantern":1},"minecraft:killed":{"minecraft:sheep":4},"minecraft:mined":{"minecraft:grass":4,"minecraft:grass_block":1,"minecraft:pink_tulip":1},"minecraft:custom":{"minecraft:open_chest":1,"minecraft:time_since_rest":12095,"minecraft:crouch_one_cm":61,"minecraft:play_time":12095,"minecraft:sprint_one_cm":19196,"minecraft:walk_one_cm":8874,"minecraft:sneak_time":314,"minecraft:walk_under_water_one_cm":308,"minecraft:mob_kills":4,"minecraft:jump":177,"minecraft:damage_dealt":820,"minecraft:leave_game":2,"minecraft:walk_on_water_one_cm":1827,"minecraft:time_since_death":12095,"minecraft:total_world_time":12095,"minecraft:swim_one_cm":1676,"minecraft:player_kills":2,"minecraft:fall_one_cm":836,"minecraft:fly_one_cm":445713},"minecraft:used":{"minecraft:dirt":21,"minecraft:grass_block":1,"alexsmobs:animal_dictionary":1}},"DataVersion":3465}