{"stats":{"minecraft:custom":{"minecraft:interact_with_furnace":1,"minecraft:mob_kills":42,"minecraft:open_barrel":10,"minecraft:interact_with_crafting_table":7,"minecraft:damage_dealt_resisted":86,"minecraft:leave_game":10,"minecraft:time_since_death":1453,"minecraft:climb_one_cm":1724,"minecraft:time_since_rest":1478,"minecraft:sprint_one_cm":741972,"minecraft:damage_taken":1573,"minecraft:walk_one_cm":364368,"minecraft:drop":18,"minecraft:damage_dealt":7408,"minecraft:swim_one_cm":11497,"minecraft:fly_one_cm":1593050,"minecraft:player_kills":11,"minecraft:open_chest":7,"minecraft:crouch_one_cm":5695,"minecraft:play_time":205435,"minecraft:deaths":5,"minecraft:sneak_time":2730,"minecraft:walk_under_water_one_cm":14698,"minecraft:jump":1721,"minecraft:walk_on_water_one_cm":20839,"minecraft:total_world_time":205435,"minecraft:fall_one_cm":14277},"minecraft:mined":{"minecraft:cut_sandstone":2,"minecraft:dark_oak_leaves":2,"minecraft:smooth_sandstone":1,"minecraft:crafting_table":2,"gravestone:gravestone":6,"minecraft:melon":6,"minecraft:grass_block":8,"minecraft:jungle_planks":2,"minecraft:furnace":1,"minecraft:iron_ore":7,"minecraft:birch_log":7,"minecraft:lilac":4,"minecraft:grass":41,"minecraft:potatoes":1,"minecraft:coal_ore":17,"minecraft:dirt":22,"minecraft:pink_tulip":5,"minecraft:stone":98,"minecraft:oak_leaves":202},"minecraft:killed":{"minecraft:husk":1,"minecraft:pig":1,"minecraft:spider":1,"mowziesmobs:umvuthana_follower_raptor":21,"minecraft:skeleton":1,"minecraft:sheep":4,"minecraft:zombie":1,"alexsmobs:elephant":1,"alexsmobs:gazelle":3,"mowziesmobs:umvuthana_crane":4,"mowziesmobs:umvuthana_raptor":4},"minecraft:crafted":{"minecraft:crafting_table":1,"minecraft:wooden_pickaxe":1,"minecraft:furnace":1,"minecraft:birch_planks":28,"minecraft:stone_axe":1,"minecraft:stick":12,"minecraft:stone_pickaxe":1,"minecraft:wooden_axe":1,"minecraft:stone_hoe":1},"minecraft:picked_up":{"minecraft:wooden_axe":2,"minecraft:sponge":1,"minecraft:birch_log":7,"mowziesmobs:umvuthana_mask_fury":1,"minecraft:crafting_table":2,"minecraft:allium":34,"minecraft:feather":22,"minecraft:lilac":1,"minecraft:water_bucket":1,"minecraft:cut_sandstone":2,"minecraft:potato":11,"gravestone:obituary":1,"alexsmobs:gazelle_horn":2,"minecraft:dirt":76,"minecraft:string":1,"minecraft:lantern":1,"minecraft:smooth_sandstone":1,"minecraft:mangrove_fence":1,"minecraft:bone":8,"minecraft:apple":2,"mowziesmobs:umvuthana_mask_rage":6,"minecraft:wheat_seeds":136,"minecraft:gold_nugget":1,"minecraft:netherite_sword":1,"minecraft:dark_oak_leaves":2,"minecraft:tall_grass":6,"minecraft:poppy":1,"minecraft:melon_slice":25,"biomesoplenty:wildflower":104,"mowziesmobs:umvuthana_mask_misery":1,"minecraft:acacia_sapling":6,"minecraft:furnace":1,"minecraft:dark_oak_sapling":3,"minecraft:stick":10,"minecraft:raw_iron":7,"minecraft:cooked_porkchop":1,"minecraft:torch":6,"minecraft:dandelion":3,"minecraft:gravel":1,"alexsmobs:leafcutter_anthill":1,"minecraft:porkchop":2,"minecraft:jungle_planks":2,"minecraft:grass_block":2,"mowziesmobs:umvuthana_mask_faith":1,"minecraft:rotten_flesh":4,"farmersdelight:onion":7,"minecraft:grass":8,"minecraft:pink_tulip":5,"mowziesmobs:umvuthana_mask_bliss":3,"minecraft:emerald":3,"mowziesmobs:umvuthana_mask_fear":5,"minecraft:oak_sapling":15,"minecraft:mutton":6,"minecraft:white_wool":4,"minecraft:coal":34,"minecraft:oak_leaves":150,"minecraft:rail":1,"minecraft:cobblestone":96,"minecraft:oxeye_daisy":4},"minecraft:dropped":{"minecraft:bread":10,"minecraft:barrier":1,"minecraft:potato":1,"minecraft:wooden_axe":2,"gravestone:obituary":4},"minecraft:used":{"minecraft:water_bucket":155,"minecraft:mossy_stone_bricks":37,"minecraft:netherite_sword":23,"minecraft:polished_andesite":2,"minecraft:stone_pickaxe":120,"minecraft:wooden_pickaxe":31,"minecraft:stone":28,"minecraft:stone_hoe":1,"minecraft:cracked_stone_bricks":29,"minecraft:torch":2,"mowziesmobs:umvuthana_mask_bliss":1,"minecraft:dirt":45,"minecraft:sand":1,"minecraft:crafting_table":3,"minecraft:campfire":13,"minecraft:sponge":35,"minecraft:stone_brick_wall":16,"minecraft:shears":205,"minecraft:glass":1,"minecraft:wooden_axe":5,"minecraft:oxeye_daisy":1,"minecraft:melon_slice":11,"minecraft:bread":13,"minecraft:grass_block":1218,"minecraft:barrier":247,"minecraft:stone_bricks":428,"minecraft:stone_axe":23,"minecraft:bow":18,"minecraft:furnace":1,"minecraft:dark_oak_fence":4,"spartanweaponry:netherite_battle_hammer":31,"alexsmobs:animal_dictionary":1,"minecraft:bone_meal":81},"minecraft:killed_by":{"minecraft:player":2}},"DataVersion":3465}