{"stats":{"minecraft:mined":{"minecraft:blackstone":1,"minecraft:mossy_cobblestone":1,"biomesoplenty:wildflower":3,"minecraft:dark_oak_log":21,"minecraft:crafting_table":3,"gravestone:gravestone":1,"minecraft:grass_block":22,"minecraft:chest":1,"minecraft:dead_bush":4,"minecraft:campfire":1,"minecraft:tall_grass":19,"minecraft:cobblestone":2,"minecraft:deepslate_coal_ore":11,"farmersdelight:wild_tomatoes":4,"minecraft:sugar_cane":8,"minecraft:sandstone":2,"minecraft:large_fern":2,"minecraft:hay_block":2,"minecraft:iron_ore":1,"minecraft:barrel":1,"minecraft:moss_carpet":1,"minecraft:pumpkin":1,"minecraft:grass":36,"minecraft:coal_ore":10,"minecraft:oak_log":7,"minecraft:dirt":14,"minecraft:stone":60,"minecraft:oak_leaves":20,"minecraft:fern":3},"minecraft:dropped":{"alexsmobs:maggot":1,"minecraft:stone_sword":1,"minecraft:dirt":3,"gravestone:obituary":1},"minecraft:crafted":{"minecraft:oak_planks":16,"minecraft:crafting_table":1,"minecraft:wooden_pickaxe":1,"minecraft:stone_axe":1,"minecraft:bread":6,"minecraft:stick":8,"minecraft:stone_pickaxe":1,"minecraft:stone_sword":1,"minecraft:wheat":18},"minecraft:killed":{"minecraft:pig":3,"minecraft:skeleton":1,"minecraft:zombie":1,"alexsmobs:leafcutter_ant":1,"minecraft:chicken":3,"alexsmobs:fly":1,"minecraft:cow":1},"minecraft:killed_by":{"alexsmobs:elephant":1},"minecraft:picked_up":{"minecraft:charcoal":2,"minecraft:crafting_table":3,"minecraft:feather":2,"minecraft:chicken":3,"minecraft:leather":1,"minecraft:potato":1,"minecraft:oak_log":6,"farmersdelight:tomato":1,"minecraft:dirt":36,"minecraft:bone":1,"minecraft:blackstone":1,"minecraft:sea_pickle":1,"minecraft:wheat_seeds":4,"minecraft:beef":3,"biomesoplenty:wildflower":3,"minecraft:sugar_cane":14,"minecraft:chest":1,"minecraft:egg":1,"minecraft:stick":4,"minecraft:raw_iron":2,"minecraft:sandstone":2,"minecraft:pumpkin":1,"minecraft:porkchop":4,"farmersdelight:tomato_seeds":4,"minecraft:dark_oak_log":21,"minecraft:barrel":1,"minecraft:stone_sword":1,"minecraft:rotten_flesh":2,"minecraft:hay_block":2,"alexsmobs:maggot":1,"minecraft:oak_sapling":1,"minecraft:coal":11,"minecraft:cobblestone":68},"minecraft:custom":{"minecraft:mob_kills":11,"minecraft:interact_with_crafting_table":6,"minecraft:open_barrel":1,"minecraft:leave_game":2,"minecraft:time_since_death":38544,"minecraft:time_since_rest":38613,"minecraft:sprint_one_cm":116130,"minecraft:damage_taken":484,"minecraft:walk_one_cm":104044,"minecraft:drop":4,"minecraft:damage_dealt":1158,"minecraft:swim_one_cm":16470,"minecraft:fly_one_cm":74079,"minecraft:open_chest":4,"minecraft:crouch_one_cm":90,"minecraft:play_time":45024,"minecraft:deaths":1,"minecraft:sneak_time":178,"minecraft:walk_under_water_one_cm":11600,"minecraft:jump":438,"minecraft:walk_on_water_one_cm":8906,"minecraft:total_world_time":45024,"minecraft:fall_one_cm":7438},"minecraft:used":{"minecraft:stone_sword":23,"minecraft:stone_pickaxe":87,"minecraft:chest":1,"minecraft:wooden_pickaxe":32,"minecraft:dirt":33,"minecraft:crafting_table":3,"minecraft:oak_log":1,"farmersdelight:tomato":1,"minecraft:bread":7,"minecraft:stone_axe":76}},"DataVersion":3465}