{"stats":{"minecraft:mined":{"minecraft:grass":8,"biomesoplenty:clover":7,"minecraft:coarse_dirt":11,"minecraft:lilac":4},"minecraft:used":{"minecraft:coarse_dirt":1},"minecraft:killed_by":{"minecraft:player":2},"minecraft:dropped":{"gravestone:obituary":2},"minecraft:picked_up":{"minecraft:coarse_dirt":1,"minecraft:lilac":4},"minecraft:custom":{"minecraft:time_since_rest":2121,"minecraft:play_time":3911,"minecraft:sprint_one_cm":14005,"minecraft:walk_one_cm":10454,"minecraft:damage_taken":555,"minecraft:deaths":2,"minecraft:walk_under_water_one_cm":917,"minecraft:drop":2,"minecraft:jump":80,"minecraft:damage_dealt":15,"minecraft:leave_game":1,"minecraft:time_since_death":2077,"minecraft:walk_on_water_one_cm":902,"minecraft:total_world_time":3911,"minecraft:swim_one_cm":11337,"minecraft:fall_one_cm":1613,"minecraft:fly_one_cm":14451}},"DataVersion":3465}