{"stats":{"minecraft:custom":{"minecraft:mob_kills":18,"minecraft:interact_with_crafting_table":13,"minecraft:open_barrel":11,"minecraft:leave_game":12,"minecraft:time_since_death":4845,"minecraft:climb_one_cm":2457,"minecraft:sprint_one_cm":574998,"minecraft:walk_one_cm":580003,"minecraft:drop":97,"minecraft:talked_to_villager":5,"minecraft:play_time":198914,"minecraft:deaths":26,"minecraft:sneak_time":4922,"minecraft:walk_under_water_one_cm":16192,"minecraft:jump":2213,"minecraft:walk_on_water_one_cm":14125,"minecraft:total_world_time":198914,"minecraft:interact_with_furnace":9,"minecraft:sleep_in_bed":5,"minecraft:time_since_rest":95,"minecraft:damage_taken":8696,"minecraft:damage_dealt":5962,"minecraft:swim_one_cm":36238,"minecraft:fly_one_cm":917900,"minecraft:player_kills":9,"minecraft:open_chest":16,"minecraft:crouch_one_cm":5276,"minecraft:fall_one_cm":69805},"minecraft:mined":{"minecraft:light_blue_stained_glass_pane":92,"minecraft:tuff":2,"minecraft:deepslate_diamond_ore":6,"biomesoplenty:desert_grass":2,"minecraft:potted_flowering_azalea_bush":1,"minecraft:spruce_trapdoor":7,"gravestone:gravestone":16,"minecraft:yellow_candle":5,"minecraft:grass_block":7,"minecraft:sandstone":99,"minecraft:sandstone_stairs":4,"minecraft:hay_block":10,"minecraft:furnace":4,"minecraft:acacia_trapdoor":27,"biomesoplenty:toadstool":1,"minecraft:fire":4,"minecraft:iron_ore":12,"minecraft:cobbled_deepslate":2,"minecraft:potted_red_mushroom":1,"minecraft:moss_carpet":5,"minecraft:peony":1,"minecraft:bookshelf":3,"minecraft:smooth_sandstone_stairs":69,"minecraft:stone":119,"minecraft:tripwire":1,"minecraft:jungle_trapdoor":4,"minecraft:cut_sandstone":190,"biomesoplenty:wildflower":4,"minecraft:smooth_sandstone":24,"minecraft:crafting_table":7,"minecraft:torch":1,"minecraft:jungle_stairs":38,"minecraft:white_stained_glass_pane":10,"minecraft:chest":2,"minecraft:dead_bush":1,"minecraft:campfire":2,"minecraft:copper_ore":2,"minecraft:cobblestone":1,"minecraft:cyan_bed":1,"minecraft:deepslate_gold_ore":3,"minecraft:oak_planks":16,"minecraft:wall_torch":11,"minecraft:spruce_stairs":2,"minecraft:coarse_dirt":11,"minecraft:cobblestone_wall":5,"minecraft:wheat":4,"minecraft:lilac":4,"minecraft:yellow_bed":2,"minecraft:grass":19,"biomesoplenty:clover":7,"minecraft:oak_log":22,"minecraft:coal_ore":11,"minecraft:gravel":11,"minecraft:sand":219,"minecraft:dirt":12,"minecraft:sandstone_wall":12,"minecraft:oak_leaves":3,"minecraft:deepslate":95},"minecraft:killed":{"minecraft:spider":1,"alexsmobs:rattlesnake":2,"minecraft:skeleton":3,"alexsmobs:blue_jay":1,"minecraft:husk":2,"minecraft:pig":1,"minecraft:iron_golem":1,"mowziesmobs:umvuthana_follower_raptor":1,"alexsmobs:roadrunner":1,"mowziesmobs:umvuthana_raptor":1,"minecraft:villager":3,"minecraft:cow":1},"minecraft:crafted":{"minecraft:wooden_sword":1,"minecraft:oak_planks":88,"minecraft:furnace":1,"minecraft:iron_axe":1,"minecraft:stone_pickaxe":1,"minecraft:wheat":90,"minecraft:wooden_shovel":1,"minecraft:crafting_table":2,"minecraft:wooden_pickaxe":1,"minecraft:iron_sword":1,"minecraft:bread":30,"minecraft:stick":16,"minecraft:iron_pickaxe":2,"minecraft:iron_ingot":9,"minecraft:wooden_axe":1,"minecraft:iron_shovel":1},"minecraft:picked_up":{"minecraft:wooden_axe":1,"minecraft:charcoal":4,"minecraft:crafting_table":7,"minecraft:coarse_dirt":1,"minecraft:wheat":1,"gravestone:obituary":11,"minecraft:yellow_candle":16,"minecraft:jungle_trapdoor":1,"minecraft:string":3,"minecraft:moss_carpet":4,"minecraft:flint_and_steel":1,"minecraft:cobbled_deepslate":187,"minecraft:beef":2,"minecraft:poppy":4,"minecraft:iron_pickaxe":1,"biomesoplenty:wildflower":5,"minecraft:chest":2,"minecraft:furnace":5,"minecraft:dark_oak_sapling":2,"minecraft:stick":4,"minecraft:raw_iron":12,"minecraft:sandstone":78,"minecraft:jungle_door":2,"minecraft:torch":10,"minecraft:bowl":3,"minecraft:sandstone_wall":12,"minecraft:porkchop":2,"minecraft:mangrove_sign":1,"minecraft:jungle_sign":20,"minecraft:arrow":1,"minecraft:jungle_stairs":38,"minecraft:peony":2,"minecraft:hay_block":10,"minecraft:sandstone_stairs":4,"minecraft:cobblestone":122,"minecraft:barrier":2,"minecraft:feather":2,"minecraft:lilac":4,"minecraft:glow_ink_sac":7,"minecraft:cut_sandstone":191,"minecraft:potato":4,"minecraft:tuff":2,"minecraft:smooth_sandstone_stairs":66,"minecraft:oak_log":22,"minecraft:yellow_bed":2,"minecraft:cobblestone_wall":5,"minecraft:dirt":17,"minecraft:lantern":10,"minecraft:smooth_sandstone":22,"minecraft:bone":2,"minecraft:apple":7,"minecraft:wheat_seeds":20,"minecraft:acacia_trapdoor":25,"minecraft:raw_gold":2,"minecraft:iron_ingot":3,"minecraft:oak_planks":75,"biomesoplenty:toadstool":1,"minecraft:dandelion":1,"minecraft:gravel":22,"minecraft:sand":210,"minecraft:grass_block":1,"minecraft:cyan_bed":1,"minecraft:spider_eye":1,"minecraft:diamond":6,"alexsmobs:rattlesnake_rattle":1,"minecraft:bone_meal":1,"minecraft:bread":10,"minecraft:oak_sapling":2,"minecraft:coal":9,"minecraft:oak_leaves":35},"minecraft:dropped":{"minecraft:water_bucket":1,"minecraft:porkchop":1,"minecraft:wheat_seeds":18,"minecraft:crafting_table":2,"minecraft:dark_oak_sapling":3,"minecraft:feather":1,"minecraft:barrier":2,"minecraft:cobblestone":64,"minecraft:lantern":1,"minecraft:apple":7,"minecraft:grass_block":4,"minecraft:rail":1,"minecraft:stick":4,"minecraft:dirt":3,"minecraft:sponge":1,"minecraft:wooden_axe":2,"minecraft:cut_sandstone":1,"gravestone:obituary":25,"minecraft:wooden_sword":1,"minecraft:bone_meal":1,"minecraft:sand":2,"minecraft:iron_pickaxe":1,"minecraft:string":1,"minecraft:spruce_sapling":1,"minecraft:bone":2,"minecraft:dandelion":1,"minecraft:gravel":22,"biomesoplenty:toadstool":1,"minecraft:furnace":1,"minecraft:moss_carpet":4,"minecraft:cobbled_deepslate":90,"minecraft:bowl":3,"minecraft:tuff":2,"minecraft:netherite_sword":1,"minecraft:wheat":1,"minecraft:oak_planks":69,"minecraft:flint_and_steel":1,"minecraft:poppy":2,"minecraft:potato":4,"minecraft:peony":2,"minecraft:wooden_shovel":1,"biomesoplenty:wildflower":4,"minecraft:oak_sapling":4,"minecraft:spider_eye":1,"minecraft:wooden_pickaxe":1,"minecraft:oak_leaves":35},"minecraft:used":{"minecraft:netherite_sword":29,"minecraft:iron_shovel":206,"minecraft:flint_and_steel":10,"minecraft:chest":2,"minecraft:iron_sword":192,"minecraft:smooth_sandstone_stairs":40,"minecraft:wooden_shovel":7,"minecraft:torch":7,"minecraft:dirt":7,"minecraft:wooden_axe":3,"minecraft:grass_block":567,"minecraft:iron_axe":104,"minecraft:smooth_sandstone":21,"minecraft:bedrock":36,"minecraft:bow":58,"minecraft:beef":2,"minecraft:furnace":5,"minecraft:oak_sapling":19,"minecraft:podzol":7,"minecraft:cooked_beef":7,"minecraft:cobbled_deepslate":97,"minecraft:dark_oak_sapling":1,"minecraft:water_bucket":75,"minecraft:polished_andesite":2,"minecraft:stone_pickaxe":131,"minecraft:oak_planks":69,"minecraft:wooden_pickaxe":12,"minecraft:sandstone":79,"minecraft:cut_sandstone":189,"minecraft:leather_boots":1,"minecraft:sand":199,"minecraft:rail":10,"minecraft:crafting_table":7,"minecraft:tnt":70,"minecraft:sponge":51,"minecraft:spruce_log":2,"minecraft:bread":25,"minecraft:cyan_bed":1,"minecraft:iron_pickaxe":543,"minecraft:string":1,"minecraft:barrier":30,"minecraft:netherite_axe":3,"minecraft:spruce_sapling":29,"minecraft:cobblestone":32,"minecraft:yellow_bed":2,"minecraft:coarse_dirt":1,"minecraft:bone_meal":352},"minecraft:broken":{"minecraft:stone_pickaxe":1,"minecraft:leather_boots":1,"minecraft:iron_pickaxe":2},"minecraft:killed_by":{"minecraft:player":20,"minecraft:enderman":1,"alexsmobs:rhinoceros":1}},"DataVersion":3465}