{
  "localizedName": "Español (España)",
  "pluginVersion": "2.1.5",
  "authors": "SrAgui",
  "generalNotAuthenticated": "No estás registrado o ya has iniciado sesión.",
  "generalNotLoggedIn": "No has iniciado sesión.",
  "generalPasswordLength": "Tu contraseña debe de tener entre %min% y %max% caracteres.",
  "generalUnknownHash": "Tu cuenta usa una función hash desconocida, ponte en contacto con el administrdor, por favor.",
  "loginTriesExceeded": "Intentos de inicio de sesión excedidos: %max%.",
  "loginFail": "Contraseña incorrecta, inténtalo de nuevo.",
  "loginSuccess": "Has iniciado sesión correctamente.",
  "changeFail": "No se puede cambiar la contraseña, contraseña no válida.",
  "changeSuccess": "Has cambiado la contraseña correctamente.",
  "logoutFail": "No puedes cerrar sesión. %error%",
  "logoutSuccess": "Has cerrado sesión.",
  "registerAlready": "Tu cuenta ya se encuentra registrada.",
  "registerCaptcha": "Escribe el CAPTCHA en el chat, por favor.",
  "registerSuccess": "Te has registrado correctamente.",
  "commandError": "Error al ejecutar el comando: %error%",
  "commandUnknown": "Comando desconocido. Usa %cmd% para obtener ayuda.",
  "commandArguments": "Argumentos insuficientes. Usa %cmd% para obtener ayuda.",
  "lacHelp": "Muestra información sobre los comandos.",
  "lacRmpass": "Retira la contraseña de usuario.",
  "lacRmpassArgs": "<usuario>",
  "lacNotRegistered": "No hay usuarios registrados con ese nombre.",
  "lacResetPlayer": "Cuenta de usuario reiniciada correctamente.",
  "lacImport": "Importa desde una base de datos.",
  "lacImportArgs": "<fuente> [args]",
  "lacUnknownSource": "Tipo de base de datos desconocida, revisa la wiki, por favor.",
  "lacImportFailed": "No se pudo realizar la importación, revisa el registro, por favor.",
  "sessionContinue": "Bienvenido. Tu sesión sigue abierta desde hace %sec% segundos.",
  "messageLogin": "Inicia sesión usando /login <contraseña>",
  "messageRegister": "Registrate usando /register <contraseña>",
  "errorRefreshProfile": "Tu cuenta ha sido modificada por terceros, vuelve a iniciar sesión, por favor.",
  "errorNotRegistered": "Cuenta no registrada.",
  "kickAlreadyOnline": "El usuario ya está en línea.",
  "kickUsernameChars": "Tu nombre de usuario contiene caracteres inválidos.",
  "kickUsernameLength": "Tu nombre es demasiado largo/corto. (%min% - %max% caracteres).",
  "kickTimeOut": "Tiempo de sesión excedido."
}
